USERID,FLightID,PaymentID,TicketID1,TicketID2,TicketID3,TicketID4,TicketID5,TicketID6
9,BD413,750678428,TKSD1S,TKSD2A,,,,
79,BD229,226313081,TKSD3T,TKSD4B,,,,
97,BD222,631413108,TKSD9T,,,,,
100,BD656,123191176,TKSD5R,TKSD6C,TKSD7I,TKSD8P,,
24,BD224,373737910,TKSD10N,TKSD11E,TKSD12I,,,
38,BD258,699143026,TKSD13O,TKSD14R,TKSD15I,TKSD16G,,
36,BD777,355535943,TKSD17O,TKSD18K,TKSD19H,,,
86,BD413,315225665,TKSD20L,TKSD21K,TKSD22J,TKSD23X,TKSD24K,TKSD25O
19,BD223,665329167,TKSD26Q,TKSD27K,,,,
42,BD91,692925582,TKSD28E,TKSD29E,TKSD30S,TKSD31K,,
66,BD656,351620822,TKSD32V,TKSD33P,TKSD34R,,,
31,BD227,529563974,TKSD35D,TKSD36P,TKSD37W,TKSD38D,,
98,BD780,365640515,TKSD39G,TKSD40P,TKSD41M,,,
28,BD81,252562699,TKSD42Y,TKSD43P,TKSD44F,TKSD45I,,
54,BD82,829343910,TKSD46J,,,,,
27,BD655,299461805,TKSD47K,TKSD48K,,,,
25,BD280,656959349,TKSD49H,TKSD50N,,,,
68,BD589,765266951,TKSD51J,TKSD52U,TKSD53J,TKSD54T,TKSD55Q,TKSD56V
89,BD255,329621586,TKSD57U,TKSD162F,TKSD164B,TKSD165B,,
40,BD419,319503348,TKSD58L,TKSD122J,,,,
13,BD279,300714605,TKSD59Y,TKSD123O,TKSD163Y,TKSD166G,,
14,BD656,371855789,TKSD60C,TKSD124S,TKSD167I,TKSD168A,,
55,BD414,273166619,TKSD61U,,,,,
52,BD230,636488204,TKSD62Y,TKSD126P,TKSD299D,TKSD293M,TKSD288C,TKSD281G
32,BD221,549591358,TKSD63Z,TKSD232T,TKSD287X,TKSD291E,TKSD294M,TKSD282M
30,BD413,227035010,TKSD64V,TKSD283A,TKSD297L,TKSD242R,TKSD234T,TKSD262N
61,BD54,649296775,TKSD65B,TKSD130C,TKSD131Z,,,
38,BD778,189174241,TKSD66Q,TKSD286I,TKSD265M,TKSD245M,TKSD237R,TKSD233V
66,BD283,145949061,TKSD67Q,TKSD169K,TKSD170P,TKSD179W,,
24,BD280,848627243,TKSD68K,TKSD285G,TKSD272Z,TKSD244O,TKSD259T,TKSD238B
21,BD779,871798483,TKSD69E,TKSD195Z,TKSD201I,TKSD202C,TKSD203H,
98,BD782,149716266,TKSD70B,,,,,
98,BD772,640492076,TKSD71V,TKSD197J,TKSD205N,TKSD206K,TKSD207O,
85,BD772,595115460,TKSD72D,TKSD171A,TKSD172B,TKSD174C,,
95,BD91,183566882,TKSD73B,TKSD132T,TKSD133B,,,
2,BD780,232162483,TKSD74V,TKSD137V,TKSD142F,,,
68,BD780,129298530,TKSD75T,TKSD173B,TKSD177D,TKSD180L,,
18,BD82,272651806,TKSD76P,TKSD175X,TKSD184P,TKSD183M,,
77,BD413,333737901,TKSD77D,TKSD140E,TKSD135H,,,
89,BD414,777827220,TKSD78R,,,,,
36,BD54,280355823,TKSD79N,TKSD123O,,,,
46,BD282,554538700,TKSD80J,TKSD136M,TKSD141P,,,
36,BD258,354255821,TKSD81O,TKSD178C,TKSD186B,TKSD188Q,,
7,BD776,228961411,TKSD82Z,,,,,
91,BD257,617154209,TKSD83W,TKSD124S,,,,
98,BD651,132329879,TKSD84C,TKSD146P,TKSD144J,,,
3,BD782,370417321,TKSD85Z,TKSD138X,TKSD139V,,,
50,BD230,727463608,TKSD86N,TKSD198U,TKSD209K,TKSD212C,TKSD213I,
40,BD228,669541719,TKSD87L,TKSD145S,TKSD148F,,,
70,BD656,574225561,TKSD88K,TKSD199O,TKSD216V,TKSD214U,TKSD215Z,
98,BD659,326785178,TKSD89U,TKSD155D,TKSD147Z,,,
51,BD226,162488011,TKSD90I,TKSD126P,,,,
43,BD255,616242851,TKSD91J,TKSD125R,,,,
61,BD255,778715554,TKSD92Q,TKSD200T,TKSD217Y,TKSD219G,TKSD220P,
66,BD655,242556721,TKSD93V,TKSD278U,TKSD260T,TKSD275X,TKSD235W,TKSD261F
34,BD81,399465918,TKSD94H,,,,,
67,BD280,106356779,TKSD95W,TKSD295F,TKSD263L,TKSD250O,TKSD270E,TKSD236N
24,BD659,635406220,TKSD96F,TKSD128W,,,,
53,BD222,817488732,TKSD97O,TKSD296N,TKSD264Q,TKSD256W,TKSD240E,TKSD279L
46,BD280,120064233,TKSD98A,TKSD298E,TKSD267J,TKSD277S,TKSD243T,TKSD239H
34,BD657,285685083,TKSD99N,TKSD156O,TKSD150Q,,,
82,BD774,803835989,TKSD100O,TKSD149Y,TKSD151U,,,
71,BD54,347342234,TKSD101C,TKSD300Y,TKSD266U,TKSD254C,TKSD271L,TKSD241Y
95,BD91,199758169,TKSD102W,TKSD208B,TKSD218H,TKSD223F,TKSD224B,
34,BD223,853232453,TKSD103Z,TKSD176D,TKSD187G,TKSD189V,,
34,BD224,877223308,TKSD104W,,,,,
86,BD91,838784295,TKSD105B,TKSD211D,TKSD221Q,TKSD225Y,TKSD226U,
88,BD656,109282512,TKSD106D,TKSD181J,TKSD191E,TKSD193D,,
36,BD81,232113025,TKSD107J,TKSD157U,TKSD152B,,,
23,BD657,382034532,TKSD108J,TKSD290G,TKSD268C,TKSD248T,TKSD252G,TKSD247K
58,BD81,393652792,TKSD109C,TKSD154K,TKSD153D,,,
80,BD258,796122025,TKSD110S,TKSD127C,,,,
89,BD256,510956347,TKSD111E,TKSD292E,TKSD273K,TKSD276F,TKSD249C,TKSD274F
62,BD778,841356630,TKSD112K,TKSD182I,TKSD194W,TKSD196N,,
89,BD414,287219091,TKSD113Y,TKSD161H,TKSD160P,,,
88,BD255,732940499,TKSD114O,TKSD289L,TKSD269C,TKSD258C,TKSD253B,TKSD251C
40,BD258,263103913,TKSD115A,TKSD158A,TKSD159H,,,
2,BD81,381200914,TKSD116G,TKSD134X,TKSD143X,,,
59,BD281,829491914,TKSD117S,TKSD284V,TKSD280N,TKSD257N,TKSD255T,TKSD246I
26,BD224,756017507,TKSD118U,TKSD185D,TKSD190M,TKSD192D,,
23,BD228,870724431,TKSD119V,TKSD210C,TKSD222W,TKSD228V,TKSD229O,
20,BD780,847387188,TKSD120E,TKSD204Z,TKSD227D,TKSD230A,TKSD231C,
1,BD230,480632856,TKSD121W,TKSD129N,,,,
87,BD773,787560757,,,,,,
25,BD582,360395055,,,,,,
67,BD91,730509884,,,,,,
55,BD224,362588315,,,,,,
80,BD776,633448566,,,,,,
91,BD780,504358843,,,,,,
75,BD221,318685053,,,,,,
53,BD281,565805980,,,,,,
74,BD419,225320908,,,,,,
1,BD281,873510671,,,,,,
31,BD279,152089985,,,,,,
91,BD281,512910811,,,,,,
41,BD280,594344444,,,,,,
56,BD332,766857061,,,,,,
69,BD419,871399221,,,,,,
50,BD258,865926136,,,,,,
